{
  "bench_dir": "/home/ayaubarys/Desktop/projects/suayLang/benchmarks/v1",
  "commit": "ae3e32ee0f9e63f41798de93a2c9de71832d12cb",
  "iters": 5,
  "metadata": {
    "cpu": "12th Gen Intel(R) Core(TM) i5-12450H",
    "platform": "Linux-6.17.9-arch1-1-x86_64-with-glibc2.42",
    "python": "3.13.11 (main, Dec 15 2025, 10:06:06) [GCC 15.2.1 20251112]"
  },
  "profile": "smoke",
  "rows": [
    {
      "compile_ms_median": 0.18315600755158812,
      "compile_ms_p90": 0.20171399228274822,
      "interp_ms_median": 5143.035265995422,
      "interp_ms_p90": 7265.284447988961,
      "mem_peak_compile_bytes": 12097,
      "mem_peak_interp_bytes": 19184,
      "mem_peak_parse_bytes": 72290,
      "mem_peak_vm_bytes": 12456,
      "parse_ms_median": 1.563441997859627,
      "parse_ms_p90": 1.6106769908219576,
      "program": "/home/ayaubarys/Desktop/projects/suayLang/benchmarks/v1/01_fibonacci.suay",
      "raw_compile_s": [
        0.00020171399228274822,
        0.0001863699872046709,
        0.00018315600755158812,
        0.00018008900224231184,
        0.0001797540026018396
      ],
      "raw_interp_s": [
        5.143035265995422,
        5.1501639320049435,
        7.265284447988961,
        5.028641143988352,
        5.086819160002051
      ],
      "raw_parse_s": [
        0.0016106769908219576,
        0.001607054000487551,
        0.001563441997859627,
        0.0015248510026140139,
        0.0015164380019996315
      ],
      "raw_vm_s": [
        3.9247907959943404,
        3.9670324710023124,
        3.9533270389947575,
        3.986541723003029,
        3.9440167199936695
      ],
      "vm_instr_static": 104,
      "vm_ms_median": 3953.3270389947575,
      "vm_ms_p90": 3986.541723003029,
      "vm_steps_ok": 12
    },
    {
      "compile_ms_median": 0.1457539910916239,
      "compile_ms_p90": 0.14972400094848126,
      "interp_ms_median": 9.445792995393276,
      "interp_ms_p90": 9.795136997126974,
      "mem_peak_compile_bytes": 19866,
      "mem_peak_interp_bytes": 3888,
      "mem_peak_parse_bytes": 109652,
      "mem_peak_vm_bytes": 2872,
      "parse_ms_median": 0.9329390013590455,
      "parse_ms_p90": 0.9453700040467083,
      "program": "/home/ayaubarys/Desktop/projects/suayLang/benchmarks/v1/02_dispatch_heavy.suay",
      "raw_compile_s": [
        0.00014882399409543723,
        0.0001457539910916239,
        0.00014495999494101852,
        0.00014972400094848126,
        0.00014379200001712888
      ],
      "raw_interp_s": [
        0.009433931001694873,
        0.009445792995393276,
        0.009395724991918541,
        0.00959642100497149,
        0.009795136997126974
      ],
      "raw_parse_s": [
        0.0009427460026927292,
        0.0009329390013590455,
        0.0009453700040467083,
        0.0009267090063076466,
        0.0009259880025638267
      ],
      "raw_vm_s": [
        0.013058488999377005,
        0.012523031007731333,
        0.012579169997479767,
        0.012465285006328486,
        0.012621914007468149
      ],
      "vm_instr_static": 180,
      "vm_ms_median": 12.579169997479767,
      "vm_ms_p90": 13.058488999377005,
      "vm_steps_ok": 14
    },
    {
      "compile_ms_median": 0.08177499694284052,
      "compile_ms_p90": 0.08445999992545694,
      "interp_ms_median": 99.38911400968209,
      "interp_ms_p90": 100.4659019963583,
      "mem_peak_compile_bytes": 11311,
      "mem_peak_interp_bytes": 3688,
      "mem_peak_parse_bytes": 60679,
      "mem_peak_vm_bytes": 2760,
      "parse_ms_median": 0.6177120085339993,
      "parse_ms_p90": 0.6429339991882443,
      "program": "/home/ayaubarys/Desktop/projects/suayLang/benchmarks/v1/03_cycle_state_machine.suay",
      "raw_compile_s": [
        8.445999992545694e-05,
        8.177499694284052e-05,
        8.086800517048687e-05,
        8.022399561014026e-05,
        8.322599751409143e-05
      ],
      "raw_interp_s": [
        0.1004659019963583,
        0.09938911400968209,
        0.09788165699865203,
        0.1003511390008498,
        0.09657282000989653
      ],
      "raw_parse_s": [
        0.0006429339991882443,
        0.0006218109920155257,
        0.0006177120085339993,
        0.0006165899976622313,
        0.0006156479939818382
      ],
      "raw_vm_s": [
        0.0911215189989889,
        0.09538670998881571,
        0.09352643598685972,
        0.09317946500959806,
        0.09506835299544036
      ],
      "vm_instr_static": 93,
      "vm_ms_median": 93.52643598685972,
      "vm_ms_p90": 95.38670998881571,
      "vm_steps_ok": 9
    },
    {
      "compile_ms_median": 0.041614999645389616,
      "compile_ms_p90": 0.04350999370217323,
      "interp_ms_median": 0.1720000000204891,
      "interp_ms_p90": 0.18852800712920725,
      "mem_peak_compile_bytes": 6168,
      "mem_peak_interp_bytes": 2648,
      "mem_peak_parse_bytes": 36304,
      "mem_peak_vm_bytes": 2464,
      "parse_ms_median": 0.415820992202498,
      "parse_ms_p90": 0.4364389897091314,
      "program": "/home/ayaubarys/Desktop/projects/suayLang/benchmarks/v1/04_map_fold.suay",
      "raw_compile_s": [
        4.350999370217323e-05,
        4.181699478067458e-05,
        4.139800148550421e-05,
        4.1431005229242146e-05,
        4.1614999645389616e-05
      ],
      "raw_interp_s": [
        0.0001720000000204891,
        0.00015941500896587968,
        0.00016673799837008119,
        0.00018852800712920725,
        0.00017782200302463025
      ],
      "raw_parse_s": [
        0.0004247319884598255,
        0.0004364389897091314,
        0.00040358300611842424,
        0.000415820992202498,
        0.0004088740097358823
      ],
      "raw_vm_s": [
        0.00014502300473395735,
        0.00013946600665804,
        0.00013029499677941203,
        0.00012404200970195234,
        0.00012558000162243843
      ],
      "vm_instr_static": 54,
      "vm_ms_median": 0.13029499677941203,
      "vm_ms_p90": 0.14502300473395735,
      "vm_steps_ok": 46
    },
    {
      "compile_ms_median": 0.08869700832292438,
      "compile_ms_p90": 0.09267199493478984,
      "interp_ms_median": 5.5364839936373755,
      "interp_ms_p90": 5.720714994822629,
      "mem_peak_compile_bytes": 12152,
      "mem_peak_interp_bytes": 26420,
      "mem_peak_parse_bytes": 81218,
      "mem_peak_vm_bytes": 25708,
      "parse_ms_median": 0.8256590081145987,
      "parse_ms_p90": 0.8640419982839376,
      "program": "/home/ayaubarys/Desktop/projects/suayLang/benchmarks/v1/05_string_and_collections.suay",
      "raw_compile_s": [
        9.267199493478984e-05,
        8.965600864030421e-05,
        8.869700832292438e-05,
        8.729500405024737e-05,
        8.810299914330244e-05
      ],
      "raw_interp_s": [
        0.0056216189987026155,
        0.005515459997695871,
        0.0055364839936373755,
        0.005315104004694149,
        0.005720714994822629
      ],
      "raw_parse_s": [
        0.0008256590081145987,
        0.0008128249901346862,
        0.0008640419982839376,
        0.0008290289988508448,
        0.0008092350035440177
      ],
      "raw_vm_s": [
        0.004527626995695755,
        0.00431763099913951,
        0.004356689998530783,
        0.004403290993650444,
        0.00429314500070177
      ],
      "vm_instr_static": 111,
      "vm_ms_median": 4.356689998530783,
      "vm_ms_p90": 4.527626995695755,
      "vm_steps_ok": 40
    },
    {
      "compile_ms_median": 0.06937299622222781,
      "compile_ms_p90": 0.07268899935297668,
      "interp_ms_median": 19.19397599704098,
      "interp_ms_p90": 20.048289996339008,
      "mem_peak_compile_bytes": 9861,
      "mem_peak_interp_bytes": 3640,
      "mem_peak_parse_bytes": 59173,
      "mem_peak_vm_bytes": 2584,
      "parse_ms_median": 0.5897079972783104,
      "parse_ms_p90": 0.6081350002204999,
      "program": "/home/ayaubarys/Desktop/projects/suayLang/benchmarks/v1/06_module_access.suay",