{
  "bench_dir": "/home/ayaubarys/Desktop/projects/suayLang/benchmarks/v1",
  "commit": "4234c44ddc148f009e738402c684135de7e2e497",
  "iters": 5,
  "metadata": {
    "cpu": "12th Gen Intel(R) Core(TM) i5-12450H",
    "platform": "Linux-6.17.9-arch1-1-x86_64-with-glibc2.42",
    "python": "3.13.11 (main, Dec 15 2025, 10:06:06) [GCC 15.2.1 20251112]"
  },
  "profile": "smoke",
  "rows": [
    {
      "compile_ms_median": 0.32437898335047066,
      "compile_ms_p90": 0.3485240158624947,
      "interp_ms_median": 19784.712822001893,
      "interp_ms_p90": 19926.95772499428,
      "mem_peak_compile_bytes": 12097,
      "mem_peak_interp_bytes": 19184,
      "mem_peak_parse_bytes": 72290,
      "mem_peak_vm_bytes": 12456,
      "parse_ms_median": 2.5556710024829954,
      "parse_ms_p90": 2.587366005172953,
      "program": "/home/ayaubarys/Desktop/projects/suayLang/benchmarks/v1/01_fibonacci.suay",
      "raw_compile_s": [
        0.0003485240158624947,
        0.0003278820076957345,
        0.0003181569918524474,
        0.00029777601594105363,
        0.00032437898335047066
      ],
      "raw_interp_s": [
        19.92695772499428,
        19.40202493700781,
        19.784712822001893,
        19.49997522198828,
        19.874920181988273
      ],
      "raw_parse_s": [
        0.0025556710024829954,
        0.002587366005172953,
        0.0025023210037034005,
        0.0025271960184909403,
        0.0025623870023991913
      ],
      "raw_vm_s": [
        15.597528355021495,
        15.582054158003302,
        14.727744144998724,
        15.38857948500663,
        15.496739551017527
      ],
      "vm_instr_static": 104,
      "vm_ms_median": 15496.739551017527,
      "vm_ms_p90": 15597.528355021495,
      "vm_steps_ok": 12
    },
    {
      "compile_ms_median": 0.2797149936668575,
      "compile_ms_p90": 0.28401199961081147,
      "interp_ms_median": 18.380994006292894,
      "interp_ms_p90": 19.02468700427562,
      "mem_peak_compile_bytes": 19866,
      "mem_peak_interp_bytes": 3888,
      "mem_peak_parse_bytes": 109652,
      "mem_peak_vm_bytes": 2872,
      "parse_ms_median": 1.7831180011853576,
      "parse_ms_p90": 1.8202100181952119,
      "program": "/home/ayaubarys/Desktop/projects/suayLang/benchmarks/v1/02_dispatch_heavy.suay",
      "raw_compile_s": [
        0.0002835949999280274,
        0.0002738139883149415,
        0.0002797149936668575,
        0.00028401199961081147,
        0.0002754880115389824
      ],
      "raw_interp_s": [
        0.01902468700427562,
        0.018380994006292894,
        0.018425010988721624,
        0.01834107600734569,
        0.018371509009739384
      ],
      "raw_parse_s": [
        0.0017831180011853576,
        0.0018202100181952119,
        0.0017966149898711592,
        0.001744815002894029,
        0.0017537350067868829
      ],
      "raw_vm_s": [
        0.024128716002451256,
        0.023779732990078628,
        0.024269895016914234,
        0.02392335599870421,
        0.024174063000828028
      ],
      "vm_instr_static": 180,
      "vm_ms_median": 24.128716002451256,
      "vm_ms_p90": 24.269895016914234,
      "vm_steps_ok": 14
    },
    {
      "compile_ms_median": 0.15412000357173383,
      "compile_ms_p90": 0.15842801076360047,
      "interp_ms_median": 188.84409798192792,
      "interp_ms_p90": 189.6697049960494,
      "mem_peak_compile_bytes": 11311,
      "mem_peak_interp_bytes": 3688,
      "mem_peak_parse_bytes": 60679,
      "mem_peak_vm_bytes": 2760,
      "parse_ms_median": 1.172447024146095,
      "parse_ms_p90": 1.2295050255488604,
      "program": "/home/ayaubarys/Desktop/projects/suayLang/benchmarks/v1/03_cycle_state_machine.suay",
      "raw_compile_s": [
        0.00015842801076360047,
        0.00015412000357173383,
        0.0001505599939264357,
        0.0001545489940326661,
        0.000147858023410663
      ],
      "raw_interp_s": [
        0.1896697049960494,
        0.18817420201958157,
        0.18884409798192792,
        0.18846246699104086,
        0.18957612398662604
      ],
      "raw_parse_s": [
        0.0012295050255488604,
        0.0011701739858835936,
        0.001200062979478389,
        0.001169989991467446,
        0.001172447024146095
      ],
      "raw_vm_s": [
        0.17610851099016145,
        0.17559777200222015,
        0.17530325500410981,
        0.17650563098140992,
        0.17587770300451666
      ],
      "vm_instr_static": 93,
      "vm_ms_median": 175.87770300451666,
      "vm_ms_p90": 176.50563098140992,
      "vm_steps_ok": 9
    },
    {
      "compile_ms_median": 0.088853994384408,
      "compile_ms_p90": 0.09589700493961573,
      "interp_ms_median": 0.34004999906755984,
      "interp_ms_p90": 0.3474389959592372,
      "mem_peak_compile_bytes": 6168,
      "mem_peak_interp_bytes": 2648,
      "mem_peak_parse_bytes": 36304,
      "mem_peak_vm_bytes": 2464,
      "parse_ms_median": 0.8439870143774897,
      "parse_ms_p90": 0.9636259928811342,
      "program": "/home/ayaubarys/Desktop/projects/suayLang/benchmarks/v1/04_map_fold.suay",
      "raw_compile_s": [
        8.8853994384408e-05,
        9.366299491375685e-05,
        9.589700493961573e-05,
        8.46860057208687e-05,
        8.373800665140152e-05
      ],
      "raw_interp_s": [
        0.00034004999906755984,
        0.00033908398472703993,
        0.0003474389959592372,
        0.0003260689845774323,
        0.00034105300437659025
      ],
      "raw_parse_s": [
        0.0009636259928811342,
        0.0008921279804781079,
        0.0008439870143774897,
        0.0008179520082194358,
        0.0008367109985556453
      ],
      "raw_vm_s": [
        0.00027052900986745954,
        0.0004227219906169921,
        0.0004136660136282444,
        0.0002851650060620159,
        0.0002558630076237023
      ],
      "vm_instr_static": 54,
      "vm_ms_median": 0.2851650060620159,
      "vm_ms_p90": 0.4227219906169921,
      "vm_steps_ok": 46
    },
    {
      "compile_ms_median": 0.19370400696061552,
      "compile_ms_p90": 0.19589802832342684,
      "interp_ms_median": 10.586385993519798,
      "interp_ms_p90": 10.887006006669253,
      "mem_peak_compile_bytes": 12152,
      "mem_peak_interp_bytes": 26420,
      "mem_peak_parse_bytes": 81218,
      "mem_peak_vm_bytes": 25708,
      "parse_ms_median": 1.6695340164005756,
      "parse_ms_p90": 1.6944279777817428,
      "program": "/home/ayaubarys/Desktop/projects/suayLang/benchmarks/v1/05_string_and_collections.suay",
      "raw_compile_s": [
        0.00019519499619491398,
        0.00019370400696061552,
        0.00019589802832342684,
        0.000178159010829404,
        0.0001768220099620521
      ],
      "raw_interp_s": [
        0.010887006006669253,
        0.010586385993519798,
        0.010657423990778625,
        0.010572589002549648,
        0.010584394010948017
      ],
      "raw_parse_s": [
        0.0016944279777817428,
        0.0016662710113450885,
        0.0016710440104361624,
        0.0016392269753850996,
        0.0016695340164005756
      ],
      "raw_vm_s": [
        0.008583304996136576,
        0.008517493988620117,
        0.008491629996569827,
        0.008553845982532948,
        0.008533404004992917
      ],
      "vm_instr_static": 111,
      "vm_ms_median": 8.533404004992917,
      "vm_ms_p90": 8.583304996136576,
      "vm_steps_ok": 40
    },
    {
      "compile_ms_median": 0.13994800974614918,
      "compile_ms_p90": 0.1574950001668185,
      "interp_ms_median": 37.93064097408205,
      "interp_ms_p90": 39.916871988680214,
      "mem_peak_compile_bytes": 9861,
      "mem_peak_interp_bytes": 3640,
      "mem_peak_parse_bytes": 59173,
      "mem_peak_vm_bytes": 2584,
      "parse_ms_median": 1.2070189986843616,
      "parse_ms_p90": 1.2439290003385395,
      "program": "/home/ayaubarys/Desktop/projects/suayLang/benchmarks/v1/06_module_access.suay",