{
  "bench_dir": "/home/ayaubarys/Desktop/projects/suayLang/benchmarks/v1",
  "commit": "e67d94e22cc3565de8cc2e928c4c08eb2eeaff36",
  "iters": 5,
  "metadata": {
    "cpu": "12th Gen Intel(R) Core(TM) i5-12450H",
    "platform": "Linux-6.17.9-arch1-1-x86_64-with-glibc2.42",
    "python": "3.13.11 (main, Dec 15 2025, 10:06:06) [GCC 15.2.1 20251112]"
  },
  "profile": "smoke",
  "rows": [
    {
      "compile_ms_median": 0.17100499826483428,
      "compile_ms_p90": 0.18294199253432453,
      "interp_ms_median": 10648.597217994393,
      "interp_ms_p90": 10876.485691012931,
      "mem_peak_compile_bytes": 12097,
      "mem_peak_interp_bytes": 19184,
      "mem_peak_parse_bytes": 72290,
      "mem_peak_vm_bytes": 12456,
      "parse_ms_median": 1.4107739989412948,
      "parse_ms_p90": 1.4680150052299723,
      "program": "/home/ayaubarys/Desktop/projects/suayLang/benchmarks/v1/01_fibonacci.suay",
      "raw_compile_s": [
        0.00018294199253432453,
        0.00017100499826483428,
        0.00016613099433016032,
        0.00016376099665649235,
        0.00017285799549426883
      ],
      "raw_interp_s": [
        10.58951031700417,
        10.648597217994393,
        10.647715601997334,
        10.876485691012931,
        10.760806592996232
      ],
      "raw_parse_s": [
        0.0014680150052299723,
        0.0014379019994521514,
        0.0013944110105512664,
        0.0014107739989412948,
        0.001378326996928081
      ],
      "raw_vm_s": [
        8.40046026800701,
        8.550995454992517,
        8.079851032001898,
        8.1162769599905,
        8.483209634010564
      ],
      "vm_instr_static": 104,
      "vm_ms_median": 8400.46026800701,
      "vm_ms_p90": 8550.995454992517,
      "vm_steps_ok": 12
    },
    {
      "compile_ms_median": 0.3095809952355921,
      "compile_ms_p90": 0.3165589878335595,
      "interp_ms_median": 20.462305008550175,
      "interp_ms_p90": 20.952982988092117,
      "mem_peak_compile_bytes": 19866,
      "mem_peak_interp_bytes": 3888,
      "mem_peak_parse_bytes": 109652,
      "mem_peak_vm_bytes": 2872,
      "parse_ms_median": 1.9183609983883798,
      "parse_ms_p90": 1.9249960023444146,
      "program": "/home/ayaubarys/Desktop/projects/suayLang/benchmarks/v1/02_dispatch_heavy.suay",
      "raw_compile_s": [
        0.0003095809952355921,
        0.0003165589878335595,
        0.0002971800131490454,
        0.00031092698918655515,
        0.0002958469995064661
      ],
      "raw_interp_s": [
        0.020952982988092117,
        0.02075173699995503,
        0.02046101300220471,
        0.020418176995008253,
        0.020462305008550175
      ],
      "raw_parse_s": [
        0.0019183609983883798,
        0.0019249960023444146,
        0.0018918909918284044,
        0.0019234490027884021,
        0.0019016330043086782
      ],
      "raw_vm_s": [
        0.027006817996152677,
        0.026820436003617942,
        0.026508298993576318,
        0.026971269995556213,
        0.02673529500316363
      ],
      "vm_instr_static": 180,
      "vm_ms_median": 26.820436003617942,
      "vm_ms_p90": 27.006817996152677,
      "vm_steps_ok": 14
    },
    {
      "compile_ms_median": 0.18428199109621346,
      "compile_ms_p90": 0.18623900541570038,
      "interp_ms_median": 208.62845100054983,
      "interp_ms_p90": 244.48643199866638,
      "mem_peak_compile_bytes": 11311,
      "mem_peak_interp_bytes": 3688,
      "mem_peak_parse_bytes": 60679,
      "mem_peak_vm_bytes": 2760,
      "parse_ms_median": 1.3292520015966147,
      "parse_ms_p90": 1.390816003549844,
      "program": "/home/ayaubarys/Desktop/projects/suayLang/benchmarks/v1/03_cycle_state_machine.suay",
      "raw_compile_s": [
        0.00018623900541570038,
        0.00018428199109621346,
        0.00018526399799156934,
        0.00016469400725327432,
        0.000160035997396335
      ],
      "raw_interp_s": [
        0.24448643199866638,
        0.21084514299582224,
        0.20772185799432918,
        0.20814335900649894,
        0.20862845100054983
      ],
      "raw_parse_s": [
        0.001390816003549844,
        0.0013824089983245358,
        0.0012976180005352944,
        0.0013025020016357303,
        0.0013292520015966147
      ],
      "raw_vm_s": [
        0.19612649900955148,
        0.1983513290033443,
        0.25213815399911255,
        0.19884306800668128,
        0.1957858940004371
      ],
      "vm_instr_static": 93,
      "vm_ms_median": 198.3513290033443,
      "vm_ms_p90": 252.13815399911255,
      "vm_steps_ok": 9
    },
    {
      "compile_ms_median": 0.08608300413470715,
      "compile_ms_p90": 0.10674199438653886,
      "interp_ms_median": 0.3229990106774494,
      "interp_ms_p90": 0.3281739918747917,
      "mem_peak_compile_bytes": 6168,
      "mem_peak_interp_bytes": 2648,
      "mem_peak_parse_bytes": 36304,
      "mem_peak_vm_bytes": 2464,
      "parse_ms_median": 0.818615997559391,
      "parse_ms_p90": 0.8338129991898313,
      "program": "/home/ayaubarys/Desktop/projects/suayLang/benchmarks/v1/04_map_fold.suay",
      "raw_compile_s": [
        8.899299427866936e-05,
        8.608300413470715e-05,
        0.00010674199438653886,
        8.583298767916858e-05,
        8.499399700667709e-05
      ],
      "raw_interp_s": [
        0.0003281739918747917,
        0.0003229990106774494,
        0.0003235689946450293,
        0.00031847199716139585,
        0.00031838699942454696
      ],
      "raw_parse_s": [
        0.0008338129991898313,
        0.0008189570071408525,
        0.000818615997559391,
        0.0008025279967114329,
        0.0008040160028031096
      ],
      "raw_vm_s": [
        0.00026491899916436523,
        0.00024956300330813974,
        0.0002451559994369745,
        0.0002457189984852448,
        0.00025349999486934394
      ],
      "vm_instr_static": 54,
      "vm_ms_median": 0.24956300330813974,
      "vm_ms_p90": 0.26491899916436523,
      "vm_steps_ok": 46
    },
    {
      "compile_ms_median": 0.18039399583358318,
      "compile_ms_p90": 0.18620099581312388,
      "interp_ms_median": 10.431183996843174,
      "interp_ms_p90": 10.456467003677972,
      "mem_peak_compile_bytes": 12152,
      "mem_peak_interp_bytes": 26420,
      "mem_peak_parse_bytes": 81218,
      "mem_peak_vm_bytes": 25708,
      "parse_ms_median": 1.6200489917537197,
      "parse_ms_p90": 1.6290799976559356,
      "program": "/home/ayaubarys/Desktop/projects/suayLang/benchmarks/v1/05_string_and_collections.suay",
      "raw_compile_s": [
        0.00018620099581312388,
        0.00018039399583358318,
        0.00018258199270348996,
        0.00017748500977177173,
        0.00017736000881996006
      ],
      "raw_interp_s": [
        0.010431183996843174,
        0.010456467003677972,
        0.010413436000817455,
        0.010454891991685145,
        0.010417819008580409
      ],
      "raw_parse_s": [
        0.0016200489917537197,
        0.0016023329953895882,
        0.0016055470041465014,
        0.001628266996704042,
        0.0016290799976559356
      ],
      "raw_vm_s": [
        0.008440694989985786,
        0.008482817007461563,
        0.008291881007608026,
        0.008355608995771036,
        0.00844430600409396
      ],
      "vm_instr_static": 111,
      "vm_ms_median": 8.440694989985786,
      "vm_ms_p90": 8.482817007461563,
      "vm_steps_ok": 40
    },
    {
      "compile_ms_median": 0.13627699809148908,
      "compile_ms_p90": 0.14381400251295418,
      "interp_ms_median": 37.344255004427396,
      "interp_ms_p90": 37.410087999887764,
      "mem_peak_compile_bytes": 9861,
      "mem_peak_interp_bytes": 3640,
      "mem_peak_parse_bytes": 59173,
      "mem_peak_vm_bytes": 2584,
      "parse_ms_median": 1.2026909971609712,
      "parse_ms_p90": 1.2164049985585734,
      "program": "/home/ayaubarys/Desktop/projects/suayLang/benchmarks/v1/06_module_access.suay",